outcome,family,contrast,scoring,unadj_estimate,unadj_se,unadj_df,unadj_t,unadj_p,unadj_ci_lo,unadj_ci_hi,unadj_d,adj_estimate,adj_se,adj_df,adj_t,adj_p,adj_ci_lo,adj_ci_hi,adj_d,unadj_F,unadj_num_df,unadj_den_df,adj_F,adj_num_df,adj_den_df
CJARS_ss,C-JARS,Group difference at T1,lower = better,0.49567099567100814,2.672641003307835,51.97035092326607,0.18546112068831294,0.8535893088176988,-4.86744836287049,5.858790354212506,0.0479723315257911,0.3750082189726598,2.439548948745201,54.37291852283379,0.15372030930781197,0.8783993879101224,-4.51522479905947,5.26524123700479,0.036294273343751224,,,,,,
CJARS_ss,C-JARS,Group difference at T2,lower = better,-5.9552029896867955,2.7076114633898962,54.276827684624884,-2.1994304094986195,0.032126314681207725,-11.38300311902152,-0.52740286035207,-0.5763600747667209,-6.097921665720149,2.4771322560444826,57.050879130012405,-2.4616859478699737,0.016874795794265807,-11.058197574777012,-1.1376457566632867,-0.5901727604017268,,,,,,
CJARS_ss,C-JARS,Group difference at T3,lower = better,-5.93825325966495,2.6972792253112052,53.554031860702764,-2.2015715703218715,0.03202469896453806,-11.347004048796043,-0.529502470533858,-0.5747196356952763,-6.037747387251392,2.465775153940732,56.18143292087868,-2.4486204176410955,0.01748681073906756,-10.976936588139626,-1.0985581863631575,-0.5843489368146303,,,,,,
CJARS_ss,C-JARS,Treatment difference in change T1->T2,lower = better,-6.450873985357804,1.7940733883305187,75.84606345906734,-3.595657807153969,0.0005733546882252812,-10.024198097183618,-2.877549873531989,-0.6243324062925121,-6.4729298846928085,1.7892773324365592,76.60412526336079,-3.6176224710108285,0.0005306742997497993,-10.036130098416246,-2.9097296709693716,-0.6264670337454781,,,,,,
CJARS_ss,C-JARS,Treatment difference in change T1->T3,lower = better,-6.433924255335959,1.778441650808591,75.7484662008982,-3.617731429316612,0.0005336255697629109,-9.97618800210657,-2.8916605085653484,-0.6226919672210673,-6.412755606224052,1.7737752063800805,76.49193616905735,-3.6153147158433905,0.0005351334605217183,-9.94516771156346,-2.880343500884643,-0.6206432101583814,,,,,,
CJARS_ss,C-JARS,Omnibus Group x Time (2 df),,,,,,0.00039379860993674635,,,,,,,,0.0003754772007928097,,,,8.711993708039046,2.0,75.59095558628168,8.76174227873227,2.0,76.30959321630722
CJARS_ps,C-JARS,Group difference at T1,higher = better,2.3506493506492703,7.90830412418178,51.31160126660623,0.297238107404282,0.767484768374275,-13.52359305558013,18.22489175687867,0.08564803217873054,2.6551744901763215,7.443998736940449,52.139274499402724,0.3566865852623213,0.7227659419754124,-12.28135209798529,17.591701078337934,0.09674368068208611,,,,,,
CJARS_ps,C-JARS,Group difference at T2,higher = better,20.3685741343563,7.998549052537398,53.32206957745224,2.5465336276077135,0.013802341923050455,4.3277781425981345,36.40937012611447,0.7421473953196605,20.711195348459164,7.539005130456528,54.35424037202588,2.747205365969155,0.0081367610525575,5.598655814975324,35.823734881943004,0.7546311087082577,,,,,,
CJARS_ps,C-JARS,Group difference at T3,higher = better,22.29752883019119,7.972060888579256,52.70148946749086,2.796959173020686,0.007185410945279684,6.3054851138360455,38.28957254654634,0.812430601878966,22.564112053774025,7.510612693689661,53.65283592956687,3.004297115830797,0.004039634958806475,7.504008468522992,37.62421563902506,0.8221438024060569,,,,,,
CJARS_ps,C-JARS,Treatment difference in change T1->T2,higher = better,18.01792478370703,4.924166814037415,77.07510950387245,3.6590809093516072,0.0004611692928712648,8.212808457877504,27.823041109536558,0.6564993631409299,18.056020858282842,4.914670101855266,77.60528125348905,3.6739029241182997,0.0004373555043672928,8.270880371808124,27.84116134475756,0.6578874280261716,,,,,,
CJARS_ps,C-JARS,Treatment difference in change T1->T3,higher = better,19.94687947954192,4.881023117937012,76.99384792727004,4.086618521891485,0.00010645831467064549,10.227508348268769,29.66625061081507,0.7267825697002355,19.908937563597704,4.8717072558555605,77.51831907548548,4.086644890180564,0.00010588587925901719,10.209164106798585,29.60871102039682,0.7254001217239707,,,,,,
CJARS_ps,C-JARS,Omnibus Group x Time (2 df),,,,,,0.0001242172571372293,,,,,,,,0.00012013379490686335,,,,10.13301205220215,2.0,76.85566852975077,10.167112522076216,2.0,77.36415564735884
CJARS_sjas,C-JARS,Group difference at T1,higher = better,0.025638528138527183,0.35558801170232635,50.41019530205693,0.07210177872922775,0.9428062240850548,-0.6884370450066886,0.7397141012837429,0.019748401912582095,0.041344610889818334,0.3262272000184741,52.02599727316545,0.12673563359363355,0.8996381925189569,-0.61327037164858,0.6959595934282167,0.03184621162181717,,,,,,
CJARS_sjas,C-JARS,Group difference at T2,higher = better,0.9072291331749067,0.35958167392673623,52.38152356746888,2.523012708817169,0.014708772857972155,0.18580078960283453,1.6286574767469788,0.6988047617998221,0.9247508977767602,0.33051803018313464,54.306453129582955,2.7978833628663793,0.007103359022103326,0.2621877735268623,1.5873140220266582,0.7123011235139363,,,,,,
CJARS_sjas,C-JARS,Group difference at T3,higher = better,0.954400390913533,0.358410294418304,51.773793265500665,2.6628710329387006,0.010299465368377786,0.2351227160149424,1.6736780658121235,0.7351390221563882,0.9676484004536681,0.32923367347792987,53.5815741137921,2.939093046685379,0.0048479140509051985,0.30745655493358937,1.6278402459737467,0.7453434697567619,,,,,,
CJARS_sjas,C-JARS,Treatment difference in change T1->T2,higher = better,0.8815906050363795,0.21949788484361096,76.43324331778193,4.016396812500038,0.00013704771655637834,0.44446274992865464,1.3187184601441044,0.67905635988724,0.8834062868869419,0.21899396445239186,77.08223205266523,4.033929834988625,0.0001280687080025182,0.447341016566368,1.3194715572075157,0.6804549118921192,,,,,,
CJARS_sjas,C-JARS,Treatment difference in change T1->T3,higher = better,0.9287618627750058,0.21757362057906005,76.3529795002658,4.2687245829855565,5.589857712518342e-05,0.49545883696829507,1.3620648885817166,0.7153906202438061,0.9263037895638497,0.21708196589822226,76.99133695431217,4.267069287543408,5.58117976032583e-05,0.49403759460346564,1.3585699845242338,0.7134972581349448,,,,,,
CJARS_sjas,C-JARS,Omnibus Group x Time (2 df),,,,,,4.2474212417266184e-05,,,,,,,,4.071382629738457e-05,,,,11.521451850809278,2.0,76.2157571352532,11.563756015364913,2.0,76.83217263037648
BS_RJA,Behavioural sample,Group difference at T1,higher = better,-0.1047619047619257,0.9381137654484983,92.50015856929643,-0.11167292136667517,0.9113247196776592,-1.9678025971859698,1.7582787876621184,-0.03129610129277589,-0.08231191108308522,0.9159235208961265,93.79999836125975,-0.08986766821159088,0.9285839895764246,-1.9009500863255733,1.7363262641594028,-0.024589490929096056,,,,,,
BS_RJA,Behavioural sample,Group difference at T2,higher = better,2.1471541191143295,0.9680360622114631,96.09917350448598,2.2180517884934883,0.028906612494405678,0.2256430295122811,4.068665208716378,0.6414311858467189,2.192315078827928,0.9464106609526272,97.16140053830087,2.3164522223589628,0.0226346464784646,0.3139913011209241,4.070638856534932,0.6549223682845301,,,,,,
BS_RJA,Behavioural sample,Group difference at T3,higher = better,0.7910579949521157,0.9485226445256101,93.80605576438103,0.8339895726451022,0.4064055674243081,-1.0923067148015324,2.674422704705764,0.23631711541273173,0.8329402090634552,0.9265228372723096,95.01890117611737,0.8989958752831584,0.37092741671233886,-1.0064354641672975,2.6723158822942077,0.2488288201032194,,,,,,
BS_RJA,Behavioural sample,Treatment difference in change T1->T2,higher = better,2.2519160238762552,1.1040789838299625,75.27441110910891,2.0396330850031554,0.04489634995417542,0.052609316078915835,4.451222731673594,0.6727272871394948,2.274626989911013,1.1043399999302794,75.21833505439288,2.0597162015815944,0.04288599106443736,0.07477356076805997,4.474480419053966,0.6795118592136262,,,,,,
BS_RJA,Behavioural sample,Treatment difference in change T1->T3,higher = better,0.8958198997140414,1.0870104838367403,74.52536359815139,0.8241133945204764,0.41250487665086166,-1.2698420988841512,3.061481898312234,0.2676132167055076,0.9152521201465404,1.0874316483453175,74.43661252473511,0.8416640453119304,0.4026719562291876,-1.2512915830571076,3.0817958233501885,0.27341831103231545,,,,,,
BS_RJA,Behavioural sample,Omnibus Group x Time (2 df),,,,,,0.1299094754131161,,,,,,,,0.12512768188093654,,,,2.097355663521181,2.0,75.15799435667023,2.137015179116468,2.0,75.10330273826969
BS_IJA,Behavioural sample,Group difference at T1,higher = better,0.8440476190476218,2.6737549795570277,74.73455226830912,0.3156787459961865,0.7531262406174604,-4.4826555454666455,6.170750783561889,0.09779395070732103,0.921640280340096,2.575326730544243,76.74221811042393,0.35787314650569646,0.7214206890300208,-4.206765305365526,6.050045866045718,0.10678407486909294,,,,,,
BS_IJA,Behavioural sample,Group difference at T2,higher = better,1.7277444509173776,2.7414805441898946,78.99274810247333,0.6302231305558744,0.5303675409537099,-3.7290438638703636,7.184532765705119,0.20018178104513845,1.8407964815182112,2.6452668231030794,81.0603244600256,0.6958831016369195,0.488492453230014,-3.4223953619212457,7.103988324957668,0.21328033669347407,,,,,,
BS_IJA,Behavioural sample,Group difference at T3,higher = better,3.066849388268679,2.697267142959105,76.23674276595492,1.1370210015253122,0.25909071560155134,-2.3049539314291607,8.438652707966519,0.3553345938485529,3.188894950927857,2.599612816516487,78.26860150712915,1.2266807313256038,0.22362001204602058,-1.9862568653866974,8.36404676724241,0.36947516775622663,,,,,,
BS_IJA,Behavioural sample,Treatment difference in change T1->T2,higher = better,0.8836968318697558,2.714275614916528,74.1810491364694,0.3255737284059607,0.7456634636118009,-4.524396073153462,6.291789736892974,0.10238783033781743,0.9191562011781151,2.7139034043463988,74.23141965473557,0.3386841991892779,0.7358037974302067,-4.488134272985178,6.326446675341408,0.10649626182438114,,,,,,
BS_IJA,Behavioural sample,Treatment difference in change T1->T3,higher = better,2.222801769221057,2.6696116908729532,73.6564461618107,0.8326311189078622,0.4077444469474443,-3.0969279218055643,7.5425314602476785,0.25754064314123193,2.2672546705877608,2.669650627792018,73.66991902907525,0.8492701805190644,0.3984823668266526,-3.0525363679911344,7.587045709166656,0.2626910928871337,,,,,,
BS_IJA,Behavioural sample,Omnibus Group x Time (2 df),,,,,,0.705538866534818,,,,,,,,0.6961502072090981,,,,0.35044035146218266,2.0,74.10107527030688,0.3639647077008394,2.0,74.15128372768979
BS_EC,Behavioural sample,Group difference at T1,higher = better,-0.4988095238095305,1.2288188261104274,81.32304785153906,-0.40592601058075356,0.6858630737499507,-2.9436263118143238,1.9460072641952628,-0.15575797550649,-0.5173340887982318,1.2244405090902812,79.92288548775954,-0.42250651212331575,0.6737898775143067,-2.9540844508569775,1.9194162732605138,-0.1615424455337309,,,,,,
BS_EC,Behavioural sample,Group difference at T2,higher = better,0.28326802228326997,1.2631480657138872,85.57405614808141,0.22425559597653089,0.8230929932838082,-2.2279655451955898,2.7945015897621297,0.08845310999598527,0.24607454385372396,1.2591234320399332,84.19533717578008,0.19543321773867178,0.8455246858726214,-2.2577456132948686,2.7498947010023165,0.07683909577671685,,,,,,
BS_EC,Behavioural sample,Group difference at T3,higher = better,-0.4083000151548859,1.240746363662011,82.83703761895599,-0.32907613281235454,0.7429286970856843,-2.8761664291893028,2.059566398879531,-0.1274955283012564,-0.435819119171426,1.236486942833637,81.43963581554645,-0.35246560563968954,0.7253996388259376,-2.8958389634696,2.024200725126748,-0.13608862792099327,,,,,,
BS_EC,Behavioural sample,Treatment difference in change T1->T2,higher = better,0.7820775460928004,1.3245594014468969,74.60590731887763,0.5904435431423382,0.5566776755090588,-1.8568085693765086,3.4209636615621095,0.24421108550247528,0.7634086326519558,1.3244575699878145,74.62762309148002,0.5763934232026621,0.566083718237927,-1.8752619538160844,3.402079219119996,0.23838154131044775,,,,,,
BS_EC,Behavioural sample,Treatment difference in change T1->T3,higher = better,0.09050950865464458,1.3032137625827664,74.001095163412,0.06945100738904786,0.9448179617116184,-2.506199958273665,2.687218975582954,0.028262447205233618,0.08151496962680582,1.303066473300047,74.03138299021026,0.06255626347316512,0.9502884484292786,-2.514883367322165,2.6779133065757765,0.025453817612737635,,,,,,
BS_EC,Behavioural sample,Omnibus Group x Time (2 df),,,,,,0.8153566656460722,,,,,,,,0.8219997207797012,,,,0.20468987366997227,2.0,74.51307739757189,0.1965315681533212,2.0,74.54211159855782
BS_FL,Behavioural sample,Group difference at T1,higher = better,0.7166666666666757,0.5359119233650488,107.85014878194059,1.3372844219748805,0.18394339742756366,-0.34562045824896526,1.7789537915823166,0.34989339024484395,0.7214093024671904,0.5367498734581644,106.1682118963394,1.3440325524798076,0.18180296937662543,-0.3427300620903888,1.7855486670247696,0.35220885571313043,,,,,,
BS_FL,Behavioural sample,Group difference at T2,higher = better,0.34016315526969265,0.5556037010693573,109.0913775716692,0.6122406215347174,0.5416525885669088,-0.7610149649365003,1.4413412754758856,0.1660755901865505,0.3538641974072618,0.5566747727028893,107.5366307947733,0.6356749304249999,0.5263387941316084,-0.749615642143229,1.4573440369577526,0.1727647586750177,,,,,,
BS_FL,Behavioural sample,Group difference at T3,higher = better,0.07457356320031394,0.5427719407142957,108.31477427729159,0.1373939174198542,0.8909745141755547,-1.001259165905694,1.1504062923063219,0.03640855374529626,0.08298770515279941,0.5436800554665985,106.6737777709495,0.15264070167440202,0.8789699709169106,-0.9948322891014116,1.1608076994070105,0.04051653419239832,,,,,,
BS_FL,Behavioural sample,Treatment difference in change T1->T2,higher = better,-0.376503511396983,0.7098074648723247,76.64964889851113,-0.5304304759104018,0.5973469196525197,-1.7900138527699014,1.0370068299759354,-0.18381780005829346,-0.36754510505992855,0.7104100967285795,76.45577011714448,-0.5173703284236308,0.6063913256329172,-1.7823130464220374,1.0472228363021803,-0.17944409703811276,,,,,,
BS_FL,Behavioural sample,Treatment difference in change T1->T3,higher = better,-0.6420931034663617,0.6998089340479096,75.64824516421464,-0.9175263021469278,0.361782961202904,-2.0359882061432364,0.7518019992105132,-0.3134848364995477,-0.638421597314391,0.7003261276462334,75.47129290352248,-0.9116061390713768,0.36487873514875835,-2.033400000919409,0.7565568062906272,-0.3116923215207321,,,,,,
BS_FL,Behavioural sample,Omnibus Group x Time (2 df),,,,,,0.6548762645145081,,,,,,,,0.6590916315616133,,,,0.42566029455994797,2.0,76.49027190227491,0.41917868249910484,2.0,76.3063064914852
BS_T,Behavioural sample,Group difference at T1,higher = better,0.9571428571428982,3.1348362593980563,95.67864577694505,0.3053246734254268,0.7607821333197926,-5.2657246711770656,7.180010385462862,0.08164923835378084,1.043070995165479,3.029339627570508,98.4582590396561,0.3443228965390087,0.7313378038615757,-4.968205213799966,7.0543472041309245,0.08897935315361874,,,,,,
BS_T,Behavioural sample,Group difference at T2,higher = better,4.251269034998245,3.2383296224293945,98.94484841630238,1.3127968831687193,0.1922881821052742,-2.1743238035879466,10.676861873584436,0.362655246449587,4.40307768145216,3.1348321402325876,101.21249298667377,1.4045656942656826,0.1632119570613003,-1.8154277513271202,10.621583114231441,0.37560530951068555,,,,,,
BS_T,Behavioural sample,Group difference at T3,higher = better,3.558414224877936,3.17084998153037,96.87092399082799,1.1222272405206988,0.2645397374169898,-2.7349511538028137,9.851779603558686,0.30355114603876315,3.7173638531135396,3.066024131844208,99.46458028635207,1.2124378978314014,0.2282167986503515,-2.365941700169949,9.800669406397027,0.31711037179613205,,,,,,
BS_T,Behavioural sample,Treatment difference in change T1->T2,higher = better,3.294126177855347,3.7829964728028247,75.09105691658615,0.8707716757173518,0.386654162872458,-4.241839460370806,10.830091816081499,0.28100600809580617,3.360006686286681,3.7821583175452194,75.16406630946273,0.8883834055015094,0.377168729063331,-4.174169490490091,10.894182863063453,0.28662595635706684,,,,,,
BS_T,Behavioural sample,Treatment difference in change T1->T3,higher = better,2.6012713677350376,3.7253957071841444,74.2900452076689,0.6982537083828927,0.487198509425809,-4.821260101141499,10.023802836611575,0.2219019076849823,2.6742928579480605,3.725617336869939,74.30635404657764,0.7178120070148847,0.4751239548759314,-4.748653225999963,10.097238941896084,0.2281310186425133,,,,,,
BS_T,Behavioural sample,Omnibus Group x Time (2 df),,,,,,0.6526727014326255,,,,,,,,0.6402475199926319,,,,0.42911724496461434,2.0,74.96601740402856,0.44856069534019527,2.0,75.03650841854127
JAST_arja,JAST,Group difference at T1,higher = better,-0.11349206349206575,0.2305189097607148,66.64916651216845,-0.4923329873886431,0.624101870985293,-0.5736542583147726,0.3466701313306411,-0.1253379647188126,-0.10779881639847,0.2249891491021082,66.62579451300181,-0.47912895723494203,0.6334157668262398,-0.5569254062649454,0.34132777346800536,-0.11905047657738432,,,,,,
JAST_arja,JAST,Group difference at T2,higher = better,0.5725412972813864,0.23541842744189528,70.4694616607414,2.4320156391440424,0.017558535120043132,0.10306903513333543,1.0420135594294373,0.6323011381649116,0.5816125916893209,0.23002305417297467,70.56260753487173,2.528496953405179,0.01369412387753253,0.12291037540245703,1.0403148079761848,0.6423192622827725,,,,,,
JAST_arja,JAST,Group difference at T3,higher = better,0.5985919177874157,0.23221773082466,67.98303155094236,2.5777184010095806,0.012117887665880133,0.13520655634798623,1.0619772792268452,0.6610708305418252,0.6071162207582508,0.22673516519915438,68.00020531319281,2.677644732456856,0.00928633063876808,0.1546732676759271,1.0595591738405745,0.6704848701859779,,,,,,
JAST_arja,JAST,Treatment difference in change T1->T2,higher = better,0.6860333607734521,0.211347437201861,74.48544683873001,3.245998010935007,0.0017549699218101695,0.264959998074131,1.1071067234727732,0.7576391028837242,0.6894114080877909,0.21150459439371358,74.28001225535762,3.2595575999850803,0.0016850173361481373,0.2680056996922318,1.11081711648335,0.7613697388601568,,,,,,
JAST_arja,JAST,Treatment difference in change T1->T3,higher = better,0.7120839812794815,0.2077762684762962,74.07568660189602,3.427167050893102,0.000998744445752955,0.2980877575525898,1.1260802050063732,0.7864087952606379,0.7149150371567208,0.2079423303189709,73.85483091526028,3.4380447504848317,0.0009661238936728261,0.30056736690993285,1.1292627074035086,0.7895353467633622,,,,,,
JAST_arja,JAST,Omnibus Group x Time (2 df),,,,,,0.0010545472962148821,,,,,,,,0.0010098993033272143,,,,7.5265962338677745,2.0,74.42355812532392,7.5806199586485565,2.0,74.22039842220184
JAST_aija,JAST,Group difference at T1,higher = better,0.07857142857142829,0.33719391021620904,71.96846269651024,0.23301556223553452,0.8164107712636941,-0.5936173788395966,0.7507602359824532,0.07423209723422323,0.08604572871623706,0.331225881723711,71.7266604461031,0.25977960498875297,0.7957780065665299,-0.5742839912391564,0.7463754486716305,0.08129360782649687,,,,,,
JAST_aija,JAST,Group difference at T2,higher = better,1.4473352499909211,0.3452535520973452,76.10211370219851,4.192093727055532,7.385241640583213e-05,0.7597181277792566,2.1349523722025854,1.3674020310089394,1.4596963027795855,0.3394572712219198,75.9262727155617,4.300088483965072,5.0157354643255146e-05,0.7835979364365706,2.1357946691226006,1.3790804093865368,,,,,,
JAST_aija,JAST,Group difference at T3,higher = better,1.4179204586788217,0.3399907336951851,73.42110502965569,4.170467951488473,8.227217625664008e-05,0.7403853711404972,2.095455546217146,1.3396117554787046,1.4292323805898786,0.3340826478196781,73.20148082465549,4.2780802592336675,5.61995794062158e-05,0.7634374966481146,2.095027264531643,1.350298944224982,,,,,,
JAST_aija,JAST,Treatment difference in change T1->T2,higher = better,1.3687638214194928,0.33075483947647094,74.51904217198505,4.13830323264813,9.104144070353738e-05,0.7097966819394421,2.0277309608995435,1.293169933774716,1.3736505740633485,0.33092614301867446,74.37848952260316,4.1509279428124,8.719862127571913e-05,0.7143215886408371,2.03297955948586,1.2977868015600398,,,,,,
JAST_aija,JAST,Treatment difference in change T1->T3,higher = better,1.3393490301073934,0.3252575096748146,74.03820423916527,4.117811242687203,9.840463632152278e-05,0.6912648515394587,1.987433208675328,1.2653796582444814,1.3431866518736415,0.3254387827994878,73.88687980268874,4.127309721107264,9.532408770892972e-05,0.6947192259959539,1.991654077751329,1.2690053363984852,,,,,,
JAST_aija,JAST,Omnibus Group x Time (2 df),,,,,,4.4631831893661216e-05,,,,,,,,4.270290410619026e-05,,,,11.494405109862882,2.0,74.44599455833284,11.555271893336435,2.0,74.30895999776311
GARS_rr,GARS-3,Group difference at T1,lower = better,-0.6428571428571637,1.8417519253564354,53.26832958317054,-0.34904654313460326,0.7284303764907802,-4.336509352376246,3.0507950666619186,-0.09761842590853946,-0.7282083680251876,1.669465833616149,55.62491440781356,-0.4361924355455965,0.6643854291169706,-4.073048025614969,2.6166312895645936,-0.1105790849645112,,,,,,
GARS_rr,GARS-3,Group difference at T2,lower = better,-6.374733409187076,1.865289451214724,55.53073601167706,-3.417557208097482,0.0011893164261210646,-10.112054126863951,-2.637412691510201,-0.9680089082088439,-6.4674342056772804,1.6949436446371944,58.282503901109436,-3.815722266719756,0.0003307471897710462,-9.859882425074911,-3.074985986279649,-0.982085606172597,,,,,,
GARS_rr,GARS-3,Group difference at T3,lower = better,-6.854216109818541,1.8583436075547453,54.824186315910374,-3.6883470214840886,0.0005197000845614553,-10.578688385091231,-3.1297438345458506,-1.0408187805204268,-6.918868818938295,1.6872494512620029,57.42151231370936,-4.100679252711107,0.00013128111117677172,-10.296990138224103,-3.5407474996524853,-1.0506363516015267,,,,,,
GARS_rr,GARS-3,Treatment difference in change T1->T2,lower = better,-5.7318762663299125,1.2203080140076654,77.38861734549593,-4.697073362245336,1.1236759378533064e-05,-8.161625245684922,-3.3021272869749034,-0.8703904823003044,-5.739225837652093,1.2179278746503897,77.90400003061109,-4.712287120696336,1.0517338928122017e-05,-8.16398104085254,-3.3144706344516455,-0.8715065212080858,,,,,,
GARS_rr,GARS-3,Treatment difference in change T1->T3,lower = better,-6.211358966961377,1.209664365011217,77.29547956971568,-5.134778825119628,2.0547840041907635e-06,-8.619961512021074,-3.80275642190168,-0.9432003546118872,-6.190660450913107,1.207370373315598,77.79495447095702,-5.127391385224021,2.093736453855675e-06,-8.594450013498241,-3.786870888327973,-0.9400572666370155,,,,,,
GARS_rr,GARS-3,Omnibus Group x Time (2 df),,,,,,1.264966760073611e-06,,,,,,,,1.2298242512819915e-06,,,,16.278305666587244,2.0,77.14368104064127,16.29982148176836,2.0,77.61681715849977
GARS_si,GARS-3,Group difference at T1,lower = better,0.9999999999999019,2.015486133474954,46.35724384281282,0.4961582138378571,0.6221271972965148,-3.0561196537278357,5.05611965372764,0.14128358576500424,0.907186397708653,1.8293114070954573,47.21119031491226,0.4959168757106614,0.6222539203002926,-2.7724789636066975,4.586851759024004,0.1281705472255283,,,,,,
GARS_si,GARS-3,Group difference at T2,lower = better,-3.2598164977039734,2.0316609956335325,47.73658912260135,-1.6045080870824442,0.11519851253209216,-7.345327109340904,0.8256941139329572,-0.4605585637315803,-3.3553456200062914,1.8469610675404238,48.852326747292395,-1.816684541420554,0.07540306636612941,-7.0672366606026955,0.35654542059011307,-0.47405526067543674,,,,,,
GARS_si,GARS-3,Group difference at T3,lower = better,-3.5923485522978837,2.0269733210191196,47.32249818908689,-1.7722722420893662,0.08278713988187458,-7.66935946448068,0.4846623598849127,-0.5075398847864167,-3.6711609023313674,1.8417510793378515,48.34634056750848,-1.9932991724653841,0.05188791204406827,-7.373564433727351,0.03124262906461661,-0.518674776201715,,,,,,
GARS_si,GARS-3,Treatment difference in change T1->T2,lower = better,-4.259816497703875,1.0390381236739012,75.7718764375574,-4.099769200615785,0.00010291808784148259,-6.32934102998027,-2.1902919654274804,-0.6018421494965845,-4.262532017714944,1.0375282862867596,76.21480506565493,-4.108352585711417,9.937561725460826e-05,-6.328854506067685,-2.1962095293622035,-0.602225807900965,,,,,,
GARS_si,GARS-3,Treatment difference in change T1->T3,lower = better,-4.592348552297786,1.0298420584693682,75.71747848419756,-4.459274618404392,2.8092772335236033e-05,-6.643580546495244,-2.541116558100327,-0.648823470551421,-4.57834730004002,1.028374211548213,76.15189353852323,-4.452024611884557,2.8682008033805975e-05,-6.626465984197644,-2.5302286158823963,-0.6468453234272433,,,,,,
GARS_si,GARS-3,Omnibus Group x Time (2 df),,,,,,2.3345249827971513e-05,,,,,,,,2.3159106681827888e-05,,,,12.321375994524274,2.0,75.61556107747215,12.32207247123893,2.0,76.02958422020863
GARS_sc,GARS-3,Group difference at T1,lower = better,-0.8744588744588953,1.221900597059881,47.971604629574756,-0.7156546748262543,0.47767370589740044,-3.3312922544887638,1.5823745055709733,-0.20325391409716956,-0.9188770362524377,1.1582176653888683,47.8198428963068,-0.7933543613703451,0.43149041386417675,-3.2478564047289833,1.410102332224108,-0.21357820207140435,,,,,,
GARS_sc,GARS-3,Group difference at T2,lower = better,-2.8694597752244793,1.2319504277449418,49.40030740124134,-2.3292006809697385,0.02398031914773886,-5.344649506427267,-0.3942700440216913,-0.6669598167434173,-2.9158047599946784,1.1687930738139656,49.37946664978137,-2.494714270063155,0.015998291218391397,-5.264125907971279,-0.5674836120180773,-0.6777319637573584,,,,,,
GARS_sc,GARS-3,Group difference at T3,lower = better,-2.261406646905778,1.2290357503151428,48.97087958651864,-1.8399844319629597,0.07183530088502192,-4.731283606377048,0.20847031256549142,-0.525627637587159,-2.2991744500976896,1.1656774826668816,48.900909140347295,-1.97239329427343,0.0542334027771612,-4.641811126922388,0.04346222672700817,-0.5344061565659478,,,,,,
GARS_sc,GARS-3,Treatment difference in change T1->T2,lower = better,-1.995000900765584,0.6381649269092184,77.12278017576453,-3.12615252992332,0.002497313919074281,-3.2657173321451998,-0.7242844693859682,-0.4637059026462478,-1.9969277237422407,0.6378279215031317,77.27153247778213,-3.130825190336914,0.002460861472872784,-3.2669341553005484,-0.7269212921839328,-0.4641537616859541,,,,,,
GARS_sc,GARS-3,Treatment difference in change T1->T3,lower = better,-1.3869477724468826,0.6325199546803314,77.06765047642268,-2.1927336239499837,0.031343495114651995,-2.6464382686287484,-0.1274572762650168,-0.3223737234899895,-1.380297413845252,0.6321923869500319,77.2133010356053,-2.183350262258615,0.03204762712590475,-2.6390977879143103,-0.12149703977619342,-0.3208279544945435,,,,,,
GARS_sc,GARS-3,Omnibus Group x Time (2 df),,,,,,0.00786020482982851,,,,,,,,0.007821264833668441,,,,5.1642786109783,2.0,76.96491614191284,5.169335723091565,2.0,77.09843532356184
GARS_er,GARS-3,Group difference at T1,lower = better,0.5281385281386264,1.63326563530262,50.76119785827253,0.3233635219666947,0.74774838029699,-2.7511536248104465,3.807430681087699,0.09167424169623943,0.4523716463363705,1.4800406794493524,52.530407400189105,0.3056481167157344,0.7610805539852021,-2.5168336310356794,3.4215769237084204,0.07852263266784594,,,,,,
GARS_er,GARS-3,Group difference at T2,lower = better,-5.282013909011447,1.651396643230185,52.71307105411116,-3.1985131680294914,0.0023382635645589275,-8.594717041608986,-1.969310776413907,-0.9168515340931801,-5.380987481094863,1.4997372889926985,54.84085454135393,-3.587953383961676,0.0007108253685677344,-8.386724227467338,-2.3752507347223877,-0.9340313584864001,,,,,,
GARS_er,GARS-3,Group difference at T3,lower = better,-6.656048806743664,1.6460813104735366,52.11212391336428,-4.043572309820397,0.00017443534837348243,-9.95898345350314,-3.353114159984187,-1.1553563971216692,-6.7269756004019285,1.4938378073516354,54.1055136981238,-4.503149918482724,3.606951829061575e-05,-9.72180632263812,-3.7321448781657374,-1.167667864053429,,,,,,
GARS_er,GARS-3,Treatment difference in change T1->T2,lower = better,-5.810152437150073,1.0018179369364735,76.89355056465445,-5.799609113525487,1.3977614083736129e-07,-7.805070880729064,-3.8152339935710824,-1.0085257757894195,-5.833359127431233,1.0000216399532351,77.3702532979459,-5.833232896544143,1.19753439398945e-07,-7.824504549681334,-3.842213705181132,-1.012553991154246,,,,,,
GARS_er,GARS-3,Treatment difference in change T1->T3,lower = better,-7.18418733488229,0.9930317145922399,76.81481401002443,-7.234600093142314,3.0132503719530854e-10,-9.161642180580111,-5.2067324891844695,-1.2470306388179087,-7.179347246738299,0.9912950245996871,77.27831499057787,-7.242392091736284,2.83265138821225e-10,-9.153154377644608,-5.20554011583199,-1.2461904967212751,,,,,,
GARS_er,GARS-3,Omnibus Group x Time (2 df),,,,,,3.2318532617131035e-10,,,,,,,,2.8788089732932975e-10,,,,29.4536212171257,2.0,76.6796727256573,29.605640006084,2.0,77.11811326053372
ACSF_tp,ACSF:SC,Group difference at T1,lower = better,0.209956709956711,0.22349489235961634,50.293227155596824,0.9394250926275236,0.3520026446387571,-0.23888115415751776,0.6587945740709398,0.28487614991252386,0.19629173752703855,0.1829633585562973,56.23325217498737,1.0728472579204438,0.2879222005598372,-0.17019436622203854,0.5627778412761156,0.26633506715680483,,,,,,
ACSF_tp,ACSF:SC,Group difference at T2,lower = better,-0.038720914750203006,0.22603084307467922,52.283608483050415,-0.17130810213104347,0.8646428061766178,-0.4922264287531465,0.41478459925274047,-0.052537807043190936,-0.05453371296809206,0.18593215861909101,59.05561824311577,-0.2932989826671796,0.7703218556204876,-0.4265757717297655,0.3175083457935814,-0.07399313026951046,,,,,,
ACSF_tp,ACSF:SC,Group difference at T3,lower = better,-0.045970006819113785,0.22528669184287167,51.66933522080365,-0.20405114231592517,0.8391151245494375,-0.4981097007322273,0.40616968709399975,-0.06237361290706877,-0.058835088585094564,0.18503181319185713,58.13243025923647,-0.31797282624090817,0.7516450013215853,-0.4291985403177648,0.31152836314757565,-0.07982937777668432,,,,,,
ACSF_tp,ACSF:SC,Treatment difference in change T1->T2,lower = better,-0.248677624706914,0.13873086608075047,76.20079105047037,-1.792518361142266,0.07701886433336674,-0.5249723169500509,0.027617067536222784,-0.3374139569557148,-0.2508254504951306,0.1382205165365935,77.26172182616764,-1.8146759741613703,0.07345506232427607,-0.5260427834295638,0.024391882439302626,-0.3403281974263153,,,,,,
ACSF_tp,ACSF:SC,Treatment difference in change T1->T3,lower = better,-0.2559267167758248,0.1375151071845195,76.11931419923181,-1.8610807351691119,0.0665940204733779,-0.529804846678497,0.017951413126847393,-0.34724976281959263,-0.2551268261121331,0.13702659977202045,77.14241355570886,-1.8618781064158583,0.06642877652464076,-0.5279736067066703,0.017719954482404043,-0.34616444493348913,,,,,,
ACSF_tp,ACSF:SC,Omnibus Group x Time (2 df),,,,,,0.1137899046292522,,,,,,,,0.11069143645005977,,,,2.2367737393789273,2.0,75.98050455150069,2.265178939787946,2.0,76.953994415075
ACSF_cc,ACSF:SC,Group difference at T1,lower = better,0.19264069264068534,0.2344554795620711,51.881097528367754,0.8216514836868402,0.41503528194068406,-0.27785431261318333,0.663135697894554,0.22239144116287415,0.18142580162600597,0.21098261500452828,54.672827672401105,0.8599087731570303,0.393594400143373,-0.24144968685264512,0.604301290104657,0.2094445619700594,,,,,,
ACSF_cc,ACSF:SC,Group difference at T2,lower = better,-0.3192097053762853,0.23739547745805706,54.09206606889591,-1.344632630723486,0.18435542570997634,-0.7951404293294756,0.156721018576905,-0.36850732541861564,-0.33062290445740006,0.21417927509276924,57.30862245537105,-1.543673655232023,0.1281718933651232,-0.7594594544477763,0.09821364553297618,-0.38168313867559023,,,,,,
ACSF_cc,ACSF:SC,Group difference at T3,lower = better,-0.29861606719787664,0.23652872227010507,53.40269068021424,-1.2624938922084508,0.2122565326869641,-0.7729491085820926,0.17571697418633936,-0.34473327845842616,-0.30711690213590503,0.21321435315593204,56.4552156674663,-1.4404138257582424,0.15527344001542842,-0.7341605891809158,0.11992678490910569,-0.3545469523351186,,,,,,
ACSF_cc,ACSF:SC,Treatment difference in change T1->T2,lower = better,-0.5118503980169706,0.15372700047131113,76.38191145869732,-3.329606357033508,0.0013410083685695834,-0.8179994990200846,-0.20570129701385664,-0.5908987665814898,-0.512048706083406,0.15329101268362127,77.18403502643127,-3.3403700394375244,0.0012911176167776654,-0.817278494447134,-0.20681891771967809,-0.5911277006456496,,,,,,
ACSF_cc,ACSF:SC,Treatment difference in change T1->T3,lower = better,-0.491256759838562,0.15238508593394604,76.28992159456745,-3.223785036624291,0.0018625470950109433,-0.7947393103529168,-0.1877742093242072,-0.5671247196213003,-0.488542703761911,0.1519617020270899,77.07505731138855,-3.21490676430315,0.001907067524196041,-0.791132408335909,-0.18595299918791297,-0.563991514305178,,,,,,
ACSF_cc,ACSF:SC,Omnibus Group x Time (2 df),,,,,,0.0013731777238124724,,,,,,,,0.0013557499733857746,,,,7.1955134966515715,2.0,76.13885995241648,7.20436807412149,2.0,76.89637025708113
