outcome,family,arm,comparison,estimate,se,df_satterthwaite,t,p_unadjusted,p_bonferroni,ci_lo_bonferroni,ci_hi_bonferroni,bonferroni_m,ci_level,sig_unadjusted,sig_bonferroni,scoring,improvement,n_subj,N_obs,model
CJARS_ss,C-JARS,Control,T2 - T1,-3.475788108823035,1.2613937701044127,76.63262560493797,-2.755513933238567,0.007318333071041902,0.021954999213125707,-6.563259776376819,-0.38831644126925147,3,98.33% per-comparison (= 95% familywise over 3),True,True,lower = better,True,43,124,Outcome ~ Group*Time + VerbalStatus + (1|participant)
CJARS_ss,C-JARS,Control,T3 - T2,1.5898257215312435,1.2645680563185109,75.9603533995879,1.2572085097259558,0.21252997159020964,0.637589914770629,-1.5060292168331797,4.685680659895667,3,98.33% per-comparison (= 95% familywise over 3),False,False,lower = better,False,43,124,Outcome ~ Group*Time + VerbalStatus + (1|participant)
CJARS_ss,C-JARS,Control,T3 - T1,-1.8859623872917917,1.2391029167486634,76.44568957932651,-1.5220385343296998,0.13212539474819285,0.39637618424457854,-4.9190395949980745,1.1471148204144912,3,98.33% per-comparison (= 95% familywise over 3),False,False,lower = better,True,43,124,Outcome ~ Group*Time + VerbalStatus + (1|participant)
CJARS_ss,C-JARS,Intervention,T2 - T1,-9.948717993515844,1.269528076628615,76.48218071969904,-7.836548223443679,2.1808900172552304e-11,6.542670051765691e-11,-13.056236643186633,-6.841199343845055,3,98.33% per-comparison (= 95% familywise over 3),True,True,lower = better,True,43,124,Outcome ~ Group*Time + VerbalStatus + (1|participant)
CJARS_ss,C-JARS,Intervention,T3 - T2,1.6500000000000004,1.2732158601937658,75.71104829816687,1.2959310762504115,0.1989360476591053,0.5968081429773159,-1.4672580575394387,4.76725805753944,3,98.33% per-comparison (= 95% familywise over 3),False,False,lower = better,False,43,124,Outcome ~ Group*Time + VerbalStatus + (1|participant)
CJARS_ss,C-JARS,Intervention,T3 - T1,-8.298717993515844,1.269528076628615,76.48218072202141,-6.536852666980073,6.319704399944012e-09,1.8959113199832037e-08,-11.406236643184515,-5.191199343847172,3,98.33% per-comparison (= 95% familywise over 3),True,True,lower = better,True,43,124,Outcome ~ Group*Time + VerbalStatus + (1|participant)
CJARS_ps,C-JARS,Control,T2 - T1,5.76903524841903,3.4647728670478037,77.62068745881692,1.6650543830120088,0.09993353395595271,0.2998006018678581,-2.709157051304059,14.247227548142119,3,98.33% per-comparison (= 95% familywise over 3),False,False,higher = better,True,43,124,Outcome ~ Group*Time + VerbalStatus + (1|participant)
CJARS_ps,C-JARS,Control,T3 - T2,-2.9529167053148555,3.4718063209310093,77.06806998213916,-0.8505418886739606,0.39765870254032376,1.0,-11.449666538075988,5.543833127446277,3,98.33% per-comparison (= 95% familywise over 3),False,False,higher = better,False,43,124,Outcome ~ Group*Time + VerbalStatus + (1|participant)
CJARS_ps,C-JARS,Control,T3 - T1,2.8161185431041744,3.4031030440771586,77.47821303526995,0.8275149199509001,0.4104868407910335,1.0,-5.511508142883036,11.143745229091385,3,98.33% per-comparison (= 95% familywise over 3),False,False,higher = better,True,43,124,Outcome ~ Group*Time + VerbalStatus + (1|participant)
CJARS_ps,C-JARS,Intervention,T2 - T1,23.825056106701872,3.4867553839937515,77.50831429817308,6.8330162236424234,1.6751726241999699e-09,5.025517872599909e-09,15.29279979598611,32.35731241741763,3,98.33% per-comparison (= 95% familywise over 3),True,True,higher = better,True,43,124,Outcome ~ Group*Time + VerbalStatus + (1|participant)
CJARS_ps,C-JARS,Intervention,T3 - T2,-1.0999999999999943,3.4949325683751105,76.87289911008133,-0.31474140873379264,0.7538107045019884,1.0,-9.653831630781987,7.453831630781998,3,98.33% per-comparison (= 95% familywise over 3),False,False,higher = better,False,43,124,Outcome ~ Group*Time + VerbalStatus + (1|participant)
CJARS_ps,C-JARS,Intervention,T3 - T1,22.725056106701878,3.486755383993752,77.5083142994116,6.517536679235712,6.560666750458496e-09,1.9682000251375487e-08,14.192799795989133,31.257312417414624,3,98.33% per-comparison (= 95% familywise over 3),True,True,higher = better,True,43,124,Outcome ~ Group*Time + VerbalStatus + (1|participant)
CJARS_sjas,C-JARS,Control,T2 - T1,0.3744685420734235,0.15438733422152962,77.09933651757244,2.4255133619711344,0.017625060829437645,0.05287518248831294,-0.003368983574796647,0.7523060677216437,3,98.33% per-comparison (= 95% familywise over 3),True,False,higher = better,True,43,124,Outcome ~ Group*Time + VerbalStatus + (1|participant)
CJARS_sjas,C-JARS,Control,T3 - T2,-0.18039750260450693,0.15471154795188743,76.52659158273106,-1.1660248054696432,0.2472256159810963,0.7416768479432889,-0.5590915762953932,0.19829657108637927,3,98.33% per-comparison (= 95% familywise over 3),False,False,higher = better,False,43,124,Outcome ~ Group*Time + VerbalStatus + (1|participant)
CJARS_sjas,C-JARS,Control,T3 - T1,0.19407103946891657,0.151642121900439,76.95004806148827,1.279796385309976,0.20446182501965107,0.6133854750589532,-0.17706405946987974,0.5652061384077129,3,98.33% per-comparison (= 95% familywise over 3),False,False,higher = better,True,43,124,Outcome ~ Group*Time + VerbalStatus + (1|participant)
CJARS_sjas,C-JARS,Intervention,T2 - T1,1.2578748287654593,0.1553690759457818,76.98123146099894,8.096043701800815,6.653382495198112e-12,1.9960147485594335e-11,0.8776216663328917,1.6381279911980269,3,98.33% per-comparison (= 95% familywise over 3),True,True,higher = better,True,43,124,Outcome ~ Group*Time + VerbalStatus + (1|participant)
CJARS_sjas,C-JARS,Intervention,T3 - T2,-0.1375000000000004,0.15574597253701314,76.32291767055426,-0.8828478692591774,0.380090755937469,1.0,-0.5187488984924897,0.24374889849248893,3,98.33% per-comparison (= 95% familywise over 3),False,False,higher = better,False,43,124,Outcome ~ Group*Time + VerbalStatus + (1|participant)
CJARS_sjas,C-JARS,Intervention,T3 - T1,1.120374828765459,0.1553690759457818,76.98123146358056,7.211054207186179,3.3078139666402655e-10,9.923441899920797e-10,0.7401216663331757,1.5006279911977423,3,98.33% per-comparison (= 95% familywise over 3),True,True,higher = better,True,43,124,Outcome ~ Group*Time + VerbalStatus + (1|participant)
BS_RJA,Behavioural sample,Control,T2 - T1,-0.4090491065684674,0.7773803573225486,75.6245954819697,-0.5261891462981046,0.6002965935808382,1.0,-2.312385436450267,1.4942872233133324,3,98.33% per-comparison (= 95% familywise over 3),False,False,higher = better,False,41,119,Outcome ~ Group*Time + VerbalStatus + (1|participant)
BS_RJA,Behavioural sample,Control,T3 - T2,1.3376205351398731,0.7773803573225483,75.62459549004132,1.7206770437921828,0.08939879584871994,0.2681963875461598,-0.5657157947373141,3.2409568650170604,3,98.33% per-comparison (= 95% familywise over 3),False,False,higher = better,True,41,119,Outcome ~ Group*Time + VerbalStatus + (1|participant)
BS_RJA,Behavioural sample,Control,T3 - T1,0.9285714285714057,0.753240099942873,74.00202599938807,1.232769509538632,0.22156376567015743,0.6646912970104722,-0.9165783836076482,2.7737212407504597,3,98.33% per-comparison (= 95% familywise over 3),False,False,higher = better,True,41,119,Outcome ~ Group*Time + VerbalStatus + (1|participant)
BS_RJA,Behavioural sample,Intervention,T2 - T1,1.8655778833425458,0.7843066630222294,74.83860261238301,2.37863322001342,0.019928685822754415,0.059786057468263244,-0.05517475852678988,3.7863305252118815,3,98.33% per-comparison (= 95% familywise over 3),True,False,higher = better,True,41,119,Outcome ~ Group*Time + VerbalStatus + (1|participant)
BS_RJA,Behavioural sample,Intervention,T3 - T2,-0.021754334624599636,0.7968294465477258,75.76684267892473,-0.027301117847552674,0.9782913469991732,1.0,-1.9726266206759855,1.9291179514267862,3,98.33% per-comparison (= 95% familywise over 3),False,False,higher = better,False,41,119,Outcome ~ Group*Time + VerbalStatus + (1|participant)
BS_RJA,Behavioural sample,Intervention,T3 - T1,1.8438235487179462,0.7843066630222295,74.83860261238306,2.350896193604933,0.021363761815102147,0.06409128544530644,-0.0769290931513893,3.764576190587282,3,98.33% per-comparison (= 95% familywise over 3),True,False,higher = better,True,41,119,Outcome ~ Group*Time + VerbalStatus + (1|participant)
BS_EC,Behavioural sample,Control,T2 - T1,1.2634419161849486,0.9327403781851126,74.93750140462011,1.3545483242006755,0.17963158395156148,0.5388947518546845,-1.0207530024052334,3.5476368347751306,3,98.33% per-comparison (= 95% familywise over 3),False,False,higher = better,True,41,119,Outcome ~ Group*Time + VerbalStatus + (1|participant)
BS_EC,Behavioural sample,Control,T3 - T2,-0.33487048761352156,0.9327403781851124,74.93750137185823,-0.3590178954888805,0.720591295134921,1.0,-2.619065406226586,1.949324430999543,3,98.33% per-comparison (= 95% familywise over 3),False,False,higher = better,False,41,119,Outcome ~ Group*Time + VerbalStatus + (1|participant)
BS_EC,Behavioural sample,Control,T3 - T1,0.928571428571427,0.9021746117332007,73.69792755970967,1.0292590996187694,0.3067241256237981,0.9201723768713943,-1.2816225804392425,3.1387654375820966,3,98.33% per-comparison (= 95% familywise over 3),False,False,higher = better,True,41,119,Outcome ~ Group*Time + VerbalStatus + (1|participant)
BS_EC,Behavioural sample,Intervention,T2 - T1,2.0268505488369044,0.9402463527090499,74.33908062767367,2.1556590387158816,0.03434690558977087,0.1030407167693126,-0.27615061453177603,4.329851712205585,3,98.33% per-comparison (= 95% familywise over 3),True,False,higher = better,True,41,119,Outcome ~ Group*Time + VerbalStatus + (1|participant)
BS_EC,Behavioural sample,Intervention,T3 - T2,-1.0167641506386715,0.9562320439218,75.05764434335174,-1.0633027381812168,0.2910537154028588,0.8731611462085764,-3.3584020969553205,1.3248737956779775,3,98.33% per-comparison (= 95% familywise over 3),False,False,higher = better,False,41,119,Outcome ~ Group*Time + VerbalStatus + (1|participant)
BS_EC,Behavioural sample,Intervention,T3 - T1,1.0100863981982329,0.9402463527090498,74.33908062820176,1.0742784540327746,0.2861725219176258,0.8585175657528774,-1.2929147651700696,3.3130875615665354,3,98.33% per-comparison (= 95% familywise over 3),False,False,higher = better,True,41,119,Outcome ~ Group*Time + VerbalStatus + (1|participant)
BS_T,Behavioural sample,Control,T2 - T1,3.4654231203617627,2.661876903891417,75.60982019805496,1.3018720419774616,0.19691250467701835,0.590737514031055,-3.051939256816464,9.98278549753999,3,98.33% per-comparison (= 95% familywise over 3),False,False,higher = better,True,41,119,Outcome ~ Group*Time + VerbalStatus + (1|participant)
BS_T,Behavioural sample,Control,T3 - T2,-1.8225659775045528,2.6618769038914194,75.60982022406527,-0.6846920587650499,0.49563180210915103,1.0,-8.339928354631875,4.694796399622769,3,98.33% per-comparison (= 95% familywise over 3),False,False,higher = better,False,41,119,Outcome ~ Group*Time + VerbalStatus + (1|participant)
BS_T,Behavioural sample,Control,T3 - T1,1.6428571428572099,2.5811817223913955,73.8307698387209,0.6364748086528161,0.526435392480262,1.0,-4.680390113405113,7.966104399119533,3,98.33% per-comparison (= 95% familywise over 3),False,False,higher = better,True,41,119,Outcome ~ Group*Time + VerbalStatus + (1|participant)
BS_T,Behavioural sample,Intervention,T2 - T1,6.825429806648444,2.686582486501845,74.7467495619715,2.5405621606413895,0.013142211104537274,0.03942663331361182,0.24585301803332094,13.405006595263567,3,98.33% per-comparison (= 95% familywise over 3),True,True,higher = better,True,41,119,Outcome ~ Group*Time + VerbalStatus + (1|participant)
BS_T,Behavioural sample,Intervention,T3 - T2,-2.5082798058431734,2.7282967405867646,75.75877757821387,-0.9193574029281459,0.36082667912433775,1.0,-9.187966859997623,4.171407248311277,3,98.33% per-comparison (= 95% familywise over 3),False,False,higher = better,False,41,119,Outcome ~ Group*Time + VerbalStatus + (1|participant)
BS_T,Behavioural sample,Intervention,T3 - T1,4.31715000080527,2.686582486501846,74.74674956104612,1.6069300021480297,0.11228619878678686,0.3368585963603606,-2.2624267878117257,10.896726789422267,3,98.33% per-comparison (= 95% familywise over 3),False,False,higher = better,True,41,119,Outcome ~ Group*Time + VerbalStatus + (1|participant)
JAST_arja,JAST,Control,T2 - T1,0.18040291532311237,0.14900499295788444,74.50079390143655,1.210717250086394,0.2298307196517398,0.6894921589552194,-0.18454555095470426,0.545351381600929,3,98.33% per-comparison (= 95% familywise over 3),False,False,higher = better,True,41,119,Outcome ~ Group*Time + VerbalStatus + (1|participant)
JAST_arja,JAST,Control,T3 - T2,-0.0375457724659678,0.1490049929578844,74.50079389353574,-0.2519766064253964,0.801752971494376,1.0,-0.4024942387446766,0.327402693812741,3,98.33% per-comparison (= 95% familywise over 3),False,False,higher = better,False,41,119,Outcome ~ Group*Time + VerbalStatus + (1|participant)
JAST_arja,JAST,Control,T3 - T1,0.14285714285714457,0.14391140012396048,73.61569467568285,0.992674261622722,0.3241204485883703,0.9723613457651109,-0.2097136254514747,0.49542791116576385,3,98.33% per-comparison (= 95% familywise over 3),False,False,higher = better,True,41,119,Outcome ~ Group*Time + VerbalStatus + (1|participant)
JAST_arja,JAST,Intervention,T2 - T1,0.8698143234056639,0.15009837307846277,74.07480478374143,5.794961701223604,1.5597797415953662e-07,4.6793392247860985e-07,0.5021391699541493,1.2374894768571785,3,98.33% per-comparison (= 95% familywise over 3),True,True,higher = better,True,41,119,Outcome ~ Group*Time + VerbalStatus + (1|participant)
JAST_arja,JAST,Intervention,T3 - T2,-0.012042143374531467,0.15278021063220937,74.59336840094392,-0.07882004694652989,0.9373868222636057,1.0,-0.38622630570707633,0.3621420189580134,3,98.33% per-comparison (= 95% familywise over 3),False,False,higher = better,False,41,119,Outcome ~ Group*Time + VerbalStatus + (1|participant)
JAST_arja,JAST,Intervention,T3 - T1,0.8577721800311324,0.15009837307846274,74.07480478344692,5.714733360785588,2.1651909097265494e-07,6.495572729179649e-07,0.490097026579584,1.225447333482681,3,98.33% per-comparison (= 95% familywise over 3),True,True,higher = better,True,41,119,Outcome ~ Group*Time + VerbalStatus + (1|participant)
JAST_aija,JAST,Control,T2 - T1,0.7452262213429046,0.2331054445137906,74.63394985050348,3.1969490154864952,0.0020375663380010523,0.006112699014003157,0.17431933984476067,1.3161331028410486,3,98.33% per-comparison (= 95% familywise over 3),True,True,higher = better,True,41,119,Outcome ~ Group*Time + VerbalStatus + (1|participant)
JAST_aija,JAST,Control,T3 - T2,-0.07855955467623721,0.23310544451379045,74.63394985324969,-0.33701295497450146,0.737053023483892,1.0,-0.6494664361738974,0.492347326821423,3,98.33% per-comparison (= 95% familywise over 3),False,False,higher = better,False,41,119,Outcome ~ Group*Time + VerbalStatus + (1|participant)
JAST_aija,JAST,Control,T3 - T1,0.6666666666666674,0.2252612152767869,73.61105770969387,2.9595270799170157,0.00414271043775258,0.01242813131325774,0.11479491493049654,1.2185384184028383,3,98.33% per-comparison (= 95% familywise over 3),True,True,higher = better,True,41,119,Outcome ~ Group*Time + VerbalStatus + (1|participant)
JAST_aija,JAST,Intervention,T2 - T1,2.118876795406253,0.23487823705494135,74.1410610441297,9.021171233121176,1.4933137820279385e-13,4.479941346083815e-13,1.5435400967617134,2.6942134940507927,3,98.33% per-comparison (= 95% familywise over 3),True,True,higher = better,True,41,119,Outcome ~ Group*Time + VerbalStatus + (1|participant)
JAST_aija,JAST,Intervention,T3 - T2,-0.10902347686594416,0.23899789403968966,74.73797540185306,-0.4561691947287157,0.6495911383913159,1.0,-0.6943430214400138,0.4762960677081255,3,98.33% per-comparison (= 95% familywise over 3),False,False,higher = better,False,41,119,Outcome ~ Group*Time + VerbalStatus + (1|participant)
JAST_aija,JAST,Intervention,T3 - T1,2.009853318540309,0.23487823705494137,74.14106103978936,8.557001039096592,1.1283531166620004e-12,3.385059349986001e-12,1.434516619894989,2.585190017185629,3,98.33% per-comparison (= 95% familywise over 3),True,True,higher = better,True,41,119,Outcome ~ Group*Time + VerbalStatus + (1|participant)
GARS_rr,GARS-3,Control,T2 - T1,-1.7905475156167228,0.8586083137094553,77.93124189711165,-2.0854066831486873,0.040305720102590974,0.12091716030777291,-3.8913504923113074,0.31025546107786184,3,98.33% per-comparison (= 95% familywise over 3),True,False,lower = better,True,43,124,Outcome ~ Group*Time + VerbalStatus + (1|participant)
GARS_rr,GARS-3,Control,T3 - T2,-0.3485653867389722,0.8607454504044605,77.27549681680625,-0.4049575708767126,0.6866275515234517,1.0,-2.45499095995339,1.7578601864754457,3,98.33% per-comparison (= 95% familywise over 3),False,False,lower = better,True,43,124,Outcome ~ Group*Time + VerbalStatus + (1|participant)
GARS_rr,GARS-3,Control,T3 - T1,-2.139112902355695,0.8434289362276063,77.74971129282679,-2.5362100000069687,0.013210121298621884,0.039630363895865654,-4.202881772992505,-0.07534403171888515,3,98.33% per-comparison (= 95% familywise over 3),True,True,lower = better,True,43,124,Outcome ~ Group*Time + VerbalStatus + (1|participant)
GARS_rr,GARS-3,Intervention,T2 - T1,-7.529773353268816,0.8641399262661413,77.7853077622424,-8.713604272174047,3.9625340956121853e-13,1.1887602286836556e-12,-9.644198163333911,-5.41534854320372,3,98.33% per-comparison (= 95% familywise over 3),True,True,lower = better,True,43,124,Outcome ~ Group*Time + VerbalStatus + (1|participant)
GARS_rr,GARS-3,Intervention,T3 - T2,-0.7999999999999865,0.866622887445674,77.03290579739392,-0.9231235541885411,0.3588252702178334,1.0,-2.9209572326442337,1.3209572326442607,3,98.33% per-comparison (= 95% familywise over 3),False,False,lower = better,True,43,124,Outcome ~ Group*Time + VerbalStatus + (1|participant)
GARS_rr,GARS-3,Intervention,T3 - T1,-8.329773353268802,0.8641399262661408,77.78530776133675,-9.639380267106615,6.411610145112908e-15,1.9234830435338724e-14,-10.44419816333444,-6.215348543203165,3,98.33% per-comparison (= 95% familywise over 3),True,True,lower = better,True,43,124,Outcome ~ Group*Time + VerbalStatus + (1|participant)
GARS_si,GARS-3,Control,T2 - T1,-1.9822018975216587,0.731450702831846,76.22021759568565,-2.709959659410361,0.00830823667365887,0.024924710020976612,-3.7727665019352985,-0.19163729310801858,3,98.33% per-comparison (= 95% familywise over 3),True,True,lower = better,True,43,124,Outcome ~ Group*Time + VerbalStatus + (1|participant)
GARS_si,GARS-3,Control,T3 - T2,0.7658152823250681,0.7325411387820019,75.79400358732813,1.0454229008877116,0.2991502302755722,0.8974506908267166,-1.0276458006164075,2.559276365266544,3,98.33% per-comparison (= 95% familywise over 3),False,False,lower = better,False,43,124,Outcome ~ Group*Time + VerbalStatus + (1|participant)
GARS_si,GARS-3,Control,T3 - T1,-1.2163866151965905,0.7183360357186429,76.11916593696768,-1.6933392656261275,0.09447981316147992,0.2834394394844398,-2.9748995697551224,0.5421263393619413,3,98.33% per-comparison (= 95% familywise over 3),False,False,lower = better,True,43,124,Outcome ~ Group*Time + VerbalStatus + (1|participant)
GARS_si,GARS-3,Intervention,T2 - T1,-6.244733915236603,0.7360151938418563,76.14247153828661,-8.48451766687085,1.2810136504050112e-12,3.843040951215034e-12,-8.046513660051907,-4.442954170421299,3,98.33% per-comparison (= 95% familywise over 3),True,True,lower = better,True,43,124,Outcome ~ Group*Time + VerbalStatus + (1|participant)
GARS_si,GARS-3,Intervention,T3 - T2,0.4499999999999922,0.7372839112668522,75.65130948893588,0.6103483246050644,0.5434603268630034,1.0,-1.355149809700277,2.2551498097002614,3,98.33% per-comparison (= 95% familywise over 3),False,False,lower = better,False,43,124,Outcome ~ Group*Time + VerbalStatus + (1|participant)
GARS_si,GARS-3,Intervention,T3 - T1,-5.794733915236611,0.7360151938418562,76.14247153686914,-7.8731172450248295,1.9043723082894325e-11,5.7131169248682975e-11,-7.596513660052671,-3.9929541704205507,3,98.33% per-comparison (= 95% familywise over 3),True,True,lower = better,True,43,124,Outcome ~ Group*Time + VerbalStatus + (1|participant)
GARS_sc,GARS-3,Control,T2 - T1,0.7162864080882407,0.44966498822050366,77.27565638996134,1.5929334656960064,0.1152576142698351,0.3457728428095053,-0.38413856271454794,1.8167113788910294,3,98.33% per-comparison (= 95% familywise over 3),False,False,lower = better,False,43,124,Outcome ~ Group*Time + VerbalStatus + (1|participant)
GARS_sc,GARS-3,Control,T3 - T2,0.38336969010300237,0.4502964798007584,76.87704816165223,0.8513717235200929,0.3972071124718012,1.0,-0.7187275766099024,1.4854669568159071,3,98.33% per-comparison (= 95% familywise over 3),False,False,lower = better,False,43,124,Outcome ~ Group*Time + VerbalStatus + (1|participant)
GARS_sc,GARS-3,Control,T3 - T1,1.099656098191243,0.4415936808415232,77.18242733402693,2.4901988998023774,0.014916486447443618,0.044749459342330856,0.01895432750160997,2.1803578688808765,3,98.33% per-comparison (= 95% familywise over 3),True,True,lower = better,False,43,124,Outcome ~ Group*Time + VerbalStatus + (1|participant)
GARS_sc,GARS-3,Intervention,T2 - T1,-1.280641315654,0.45246399349990324,77.20423415143627,-2.830371773338189,0.0059240311428791995,0.0177720934286376,-2.3879387910790375,-0.17334384022896243,3,98.33% per-comparison (= 95% familywise over 3),True,True,lower = better,True,43,124,Outcome ~ Group*Time + VerbalStatus + (1|participant)
GARS_sc,GARS-3,Intervention,T3 - T2,0.9999999999999911,0.4531988173474929,76.7446878037974,2.2065370908354227,0.030336829274170727,0.09101048782251218,-0.10924342626495642,2.1092434262649387,3,98.33% per-comparison (= 95% familywise over 3),True,False,lower = better,False,43,124,Outcome ~ Group*Time + VerbalStatus + (1|participant)
GARS_sc,GARS-3,Intervention,T3 - T1,-0.28064131565400885,0.4524639934999033,77.20423415150091,-0.6202511574085482,0.5369190220492952,1.0,-1.387938791079026,0.8266561597710083,3,98.33% per-comparison (= 95% familywise over 3),False,False,lower = better,True,43,124,Outcome ~ Group*Time + VerbalStatus + (1|participant)
GARS_er,GARS-3,Control,T2 - T1,-0.3101443659342884,0.7049990856565161,77.38800209961215,-0.4399216569840977,0.6612200345475324,1.0,-2.0353700516774893,1.4150813198089123,3,98.33% per-comparison (= 95% familywise over 3),False,False,lower = better,True,43,124,Outcome ~ Group*Time + VerbalStatus + (1|participant)
GARS_er,GARS-3,Control,T3 - T2,0.19598811930707427,0.7064993482289988,76.81060644885625,0.27740736038662034,0.7822125826068974,1.0,-1.5331971448732271,1.9251733834873757,3,98.33% per-comparison (= 95% familywise over 3),False,False,lower = better,False,43,124,Outcome ~ Group*Time + VerbalStatus + (1|participant)
GARS_er,GARS-3,Control,T3 - T1,-0.11415624662721413,0.6924683158877611,77.23685095399104,-0.16485410813469936,0.8694895106514566,1.0,-1.8087910271617909,1.5804785339073626,3,98.33% per-comparison (= 95% familywise over 3),False,False,lower = better,True,43,124,Outcome ~ Group*Time + VerbalStatus + (1|participant)
GARS_er,GARS-3,Intervention,T2 - T1,-6.143503493365522,0.709486238699879,77.26828029605306,-8.659087602070173,5.310703655357065e-13,1.5932110966071195e-12,-7.879769489390353,-4.407237497340691,3,98.33% per-comparison (= 95% familywise over 3),True,True,lower = better,True,43,124,Outcome ~ Group*Time + VerbalStatus + (1|participant)
GARS_er,GARS-3,Intervention,T3 - T2,-1.1499999999999915,0.7112302135809223,76.60468633439618,-1.616916686103559,0.1100071661574613,0.3300214984723839,-2.89086881027894,0.5908688102789574,3,98.33% per-comparison (= 95% familywise over 3),False,False,lower = better,True,43,124,Outcome ~ Group*Time + VerbalStatus + (1|participant)
GARS_er,GARS-3,Intervention,T3 - T1,-7.293503493365513,0.7094862386998791,77.26828029776469,-10.279978800900674,4.075356441728702e-16,1.2226069325186105e-15,-9.02976948938949,-5.557237497341537,3,98.33% per-comparison (= 95% familywise over 3),True,True,lower = better,True,43,124,Outcome ~ Group*Time + VerbalStatus + (1|participant)
ACSF_tp,ACSF:SC,Control,T2 - T1,-0.009666645834692122,0.09744116980141339,77.29486919145081,-0.09920494442331611,0.9212323875895114,1.0,-0.24812440293349447,0.22879111126411023,3,98.33% per-comparison (= 95% familywise over 3),False,False,lower = better,True,43,124,Outcome ~ Group*Time + VerbalStatus + (1|participant)
ACSF_tp,ACSF:SC,Control,T3 - T2,-0.1456986243829974,0.09770169541341207,76.59335770328663,-1.491259939415509,0.14000046433031688,0.42000139299095063,-0.3848425677587832,0.09344531899278838,3,98.33% per-comparison (= 95% familywise over 3),False,False,lower = better,True,43,124,Outcome ~ Group*Time + VerbalStatus + (1|participant)
ACSF_tp,ACSF:SC,Control,T3 - T1,-0.15536527021768953,0.09572344417814811,77.09501780999287,-1.6230639374879132,0.108658077224221,0.325974231672663,-0.38963289700387826,0.07890235656849923,3,98.33% per-comparison (= 95% familywise over 3),False,False,lower = better,True,43,124,Outcome ~ Group*Time + VerbalStatus + (1|participant)
ACSF_tp,ACSF:SC,Intervention,T2 - T1,-0.26049209632982273,0.09807302212698206,77.13304728003861,-2.656103489831742,0.009601526885210638,0.028804580655631913,-0.5005073003506542,-0.020476892308991246,3,98.33% per-comparison (= 95% familywise over 3),True,True,lower = better,True,43,124,Outcome ~ Group*Time + VerbalStatus + (1|participant)
ACSF_tp,ACSF:SC,Intervention,T3 - T2,-0.1499999999999999,0.09837561854719283,76.32893802674691,-1.5247680493926632,0.13144988100584096,0.39434964301752284,-0.39081219608579365,0.09081219608579383,3,98.33% per-comparison (= 95% familywise over 3),False,False,lower = better,True,43,124,Outcome ~ Group*Time + VerbalStatus + (1|participant)
ACSF_tp,ACSF:SC,Intervention,T3 - T1,-0.41049209632982264,0.09807302212698206,77.13304728064539,-4.185576088379632,7.473456521324975e-05,0.00022420369563974922,-0.6505073003506121,-0.1704768923090332,3,98.33% per-comparison (= 95% familywise over 3),True,True,lower = better,True,43,124,Outcome ~ Group*Time + VerbalStatus + (1|participant)
ACSF_cc,ACSF:SC,Control,T2 - T1,-0.041290852307747095,0.10806637452917502,77.2109135799264,-0.3820878833739321,0.7034458231026024,1.0,-0.30575696520680595,0.22317526059131176,3,98.33% per-comparison (= 95% familywise over 3),False,False,lower = better,True,43,124,Outcome ~ Group*Time + VerbalStatus + (1|participant)
ACSF_cc,ACSF:SC,Control,T3 - T2,-0.023506002321494357,0.10833311976422451,76.55400827590138,-0.21697891072141803,0.8288019992561256,1.0,-0.2886754834568858,0.2416634788138971,3,98.33% per-comparison (= 95% familywise over 3),False,False,lower = better,True,43,124,Outcome ~ Group*Time + VerbalStatus + (1|participant)
ACSF_cc,ACSF:SC,Control,T3 - T1,-0.06479685462924145,0.10615525832015837,77.02962444496292,-0.6103970321829724,0.54339558005174,1.0,-0.3245995668131761,0.19500585755469318,3,98.33% per-comparison (= 95% familywise over 3),False,False,lower = better,True,43,124,Outcome ~ Group*Time + VerbalStatus + (1|participant)
ACSF_cc,ACSF:SC,Intervention,T2 - T1,-0.5533395583911531,0.1087620971933995,77.06529223703768,-5.087613908429985,2.4878034400745566e-06,7.46341032022367e-06,-0.8195194622995626,-0.2871596544827436,3,98.33% per-comparison (= 95% familywise over 3),True,True,lower = better,True,43,124,Outcome ~ Group*Time + VerbalStatus + (1|participant)
ACSF_cc,ACSF:SC,Intervention,T3 - T2,6.661338147750939e-16,0.10907201610631409,76.3115516048829,6.1072843297019795e-15,0.9999999999999951,1.0,-0.2669971147028796,0.26699711470288096,3,98.33% per-comparison (= 95% familywise over 3),False,False,lower = better,False,43,124,Outcome ~ Group*Time + VerbalStatus + (1|participant)
ACSF_cc,ACSF:SC,Intervention,T3 - T1,-0.5533395583911525,0.10876209719339949,77.06529223787969,-5.087613908429979,2.48780344003129e-06,7.4634103200938705e-06,-0.8195194622994972,-0.2871596544828077,3,98.33% per-comparison (= 95% familywise over 3),True,True,lower = better,True,43,124,Outcome ~ Group*Time + VerbalStatus + (1|participant)
